1,11304,FACULTAD DE ESTADÍSTICA E INFORMÁTICA
1,11304,FACULTAD DE ESTADÍSTICA E INFORMÁTICA
1,11304,FACULTAD DE ESTADÍSTICA E INFORMÁTICA
1,11304,FACULTAD DE ESTADÍSTICA E INFORMÁTICA
1,11304,FACULTAD DE ESTADÍSTICA E INFORMÁTICA
1,11304,FACULTAD DE ESTADÍSTICA E INFORMÁTICA
1,11304,FACULTAD DE ESTADÍSTICA E INFORMÁTICA
1,11304,FACULTAD DE ESTADÍSTICA E INFORMÁTICA
1,11304,FACULTAD DE ESTADÍSTICA E INFORMÁTICA
1,11304,FACULTAD DE ESTADÍSTICA E INFORMÁTICA
1,11304,FACULTAD DE ESTADÍSTICA E INFORMÁTICA
1,11304,FACULTAD DE ESTADÍSTICA E INFORMÁTICA
1,11304,FACULTAD DE ESTADÍSTICA E INFORMÁTICA
1,11304,FACULTAD DE ESTADÍSTICA E INFORMÁTICA
1,11304,FACULTAD DE ESTADÍSTICA E INFORMÁTICA
1,11304,FACULTAD DE ESTADÍSTICA E INFORMÁTICA
1,11304,FACULTAD DE ESTADÍSTICA E INFORMÁTICA
1,11304,FACULTAD DE ESTADÍSTICA E INFORMÁTICA
1,11304,FACULTAD DE ESTADÍSTICA E INFORMÁTICA
1,11304,FACULTAD DE ESTADÍSTICA E INFORMÁTICA
1,11304,FACULTAD DE ESTADÍSTICA E INFORMÁTICA
1,11304,FACULTAD DE ESTADÍSTICA E INFORMÁTICA
1,11304,FACULTAD DE ESTADÍSTICA E INFORMÁTICA
1,11304,FACULTAD DE ESTADÍSTICA E INFORMÁTICA
1,11304,FACULTAD DE ESTADÍSTICA E INFORMÁTICA
1,11304,FACULTAD DE ESTADÍSTICA E INFORMÁTICA
1,11304,FACULTAD DE ESTADÍSTICA E INFORMÁTICA
1,11304,FACULTAD DE ESTADÍSTICA E INFORMÁTICA
1,11304,FACULTAD DE ESTADÍSTICA E INFORMÁTICA
1,11304,FACULTAD DE ESTADÍSTICA E INFORMÁTICA
1,11304,FACULTAD DE ESTADÍSTICA E INFORMÁTICA
1,11304,FACULTAD DE ESTADÍSTICA E INFORMÁTICA
1,11304,FACULTAD DE ESTADÍSTICA E INFORMÁTICA
1,11304,FACULTAD DE ESTADÍSTICA E INFORMÁTICA
1,11304,FACULTAD DE ESTADÍSTICA E INFORMÁTICA
1,11304,FACULTAD DE ESTADÍSTICA E INFORMÁTICA
1,11304,FACULTAD DE ESTADÍSTICA E INFORMÁTICA
1,11304,FACULTAD DE ESTADÍSTICA E INFORMÁTICA
1,11304,FACULTAD DE ESTADÍSTICA E INFORMÁTICA
1,11304,FACULTAD DE ESTADÍSTICA E INFORMÁTICA
1,11304,FACULTAD DE ESTADÍSTICA E INFORMÁTICA
1,11304,FACULTAD DE ESTADÍSTICA E INFORMÁTICA
1,11304,FACULTAD DE ESTADÍSTICA E INFORMÁTICA
1,11304,FACULTAD DE ESTADÍSTICA E INFORMÁTICA
1,11304,FACULTAD DE ESTADÍSTICA E INFORMÁTICA
1,11304,FACULTAD DE ESTADÍSTICA E INFORMÁTICA
1,11304,FACULTAD DE ESTADÍSTICA E INFORMÁTICA
1,11304,FACULTAD DE ESTADÍSTICA E INFORMÁTICA
1,11304,FACULTAD DE ESTADÍSTICA E INFORMÁTICA
1,11304,FACULTAD DE ESTADÍSTICA E INFORMÁTICA
1,11304,FACULTAD DE ESTADÍSTICA E INFORMÁTICA
